{
    "Delhi": {
        "hi": "दिल्ली",
        "ur": "دہلی"
    },
    "New Delhi": {
        "hi": "नई दिल्ली",
        "ur": "نئی دہلی"
    },
    "Mumbai": {
        "hi": "मुंबई",
        "ur": "ممبئی"
    },
    "Bangalore": {
        "hi": "बेंगलुरु",
        "ur": "بنگلور"
    },
    "Bengaluru": {
        "hi": "बेंगलुरु",
        "ur": "بنگلور"
    },
    "Hyderabad": {
        "hi": "हैदराबाद",
        "ur": "حیدرآباد"
    },
    "Chennai": {
        "hi": "चेन्नई",
        "ur": "چنئی"
    },
    "Kolkata": {
        "hi": "कोलकाता",
        "ur": "کولکاتا"
    },
    "Pune": {
        "hi": "पुणे",
        "ur": "پونے"
    },
    "Ahmedabad": {
        "hi": "अहमदाबाद",
        "ur": "احمد آباد"
    },
    "Jaipur": {
        "hi": "जयपुर",
        "ur": "جے پور"
    },
    "Surat": {
        "hi": "सूरत",
        "ur": "سورت"
    },
    "Lucknow": {
        "hi": "लखनऊ",
        "ur": "لکھنؤ"
    },
    "Kanpur": {
        "hi": "कानपुर",
        "ur": "کان پور"
    },
    "Nagpur": {
        "hi": "नागपुर",
        "ur": "ناگپور"
    },
    "Srinagar": {
        "hi": "श्रीनगर",
        "ur": "سرینگر"
    },
    "Jammu": {
        "hi": "जम्मू",
        "ur": "جموں"
    },
    "Anantnag": {
        "hi": "अनंतनाग",
        "ur": "اننت ناگ"
    },
    "Baramulla": {
        "hi": "बारामूला",
        "ur": "بارہ مولہ"
    },
    "Sopore": {
        "hi": "सोपोर",
        "ur": "سوپور"
    },
    "Kupwara": {
        "hi": "कुपवाड़ा",
        "ur": "کپواڑہ"
    },
    "Pulwama": {
        "hi": "पुलवामा",
        "ur": "پلوامہ"
    },
    "Shopian": {
        "hi": "शोपियां",
        "ur": "شوپیاں"
    },
    "Kulgam": {
        "hi": "कुलगाम",
        "ur": "کلگام"
    },
    "Budgam": {
        "hi": "बडगाम",
        "ur": "بڈگام"
    },
    "Ganderbal": {
        "hi": "गांदरबल",
        "ur": "گاندربل"
    },
    "Bandipora": {
        "hi": "बांदीपोरा",
        "ur": "باندی پورہ"
    },
    "Leh": {
        "hi": "लेह",
        "ur": "لیہ"
    },
    "Kargil": {
        "hi": "कारगिल",
        "ur": "کارگل"
    },
    "Udhampur": {
        "hi": "उधमपुर",
        "ur": "ادھم پور"
    },
    "Kathua": {
        "hi": "कठुआ",
        "ur": "کٹھوا"
    },
    "Doda": {
        "hi": "डोडा",
        "ur": "ڈوڈا"
    },
    "Rajouri": {
        "hi": "राजौरी",
        "ur": "راجوری"
    },
    "Poonch": {
        "hi": "पुंछ",
        "ur": "پونچھ"
    },
    "Reasi": {
        "hi": "रियासी",
        "ur": "ریاسی"
    },
    "Kishtwar": {
        "hi": "किश्तवाड़",
        "ur": "کشتواڑ"
    },
    "Ramban": {
        "hi": "रामबन",
        "ur": "رامبن"
    },
    "Samba": {
        "hi": "सांबा",
        "ur": "سامبا"
    }
}